Workbook

Sheet Ringkasan
A1: LAPORAN KEAKTIFAN — PASKIBRA
A2: Ringkasan anggota dan kehadiran sampai 08 Agu 2026
A4: Anggota | B4: Agenda | C4: Jumlah hadir | D4: Izin | E4: Tidak hadir | F4: Tingkat kehadiran
A5: ==COUNTA('Rekap Kehadiran'!$C$5:$C$6) | B5: ==COUNTA('Rekap Kehadiran'!$F$4:$G$4) | C5: ==SUM('Rekap Kehadiran'!$H$5:$H$6) | D5: ==SUM('Rekap Kehadiran'!$I$5:$I$6) | E5: ==SUM('Rekap Kehadiran'!$J$5:$J$6) | F5: ==IF(SUM('Rekap Kehadiran'!$K$5:$K$6)=0,0,C5/SUM('Rekap Kehadiran'!$K$5:$K$6))
A8: No | B8: NIS | C8: Nama siswa | D8: Kelas | E8: Hadir | F8: Izin | G8: Tidak hadir | H8: Total agenda | I8: Tingkat kehadiran | J8: Keaktifan
A9: 1 | B9: 12345 | C9: Budi Santoso | D9: XI SIJA 1 | E9: =='Rekap Kehadiran'!H5 | F9: =='Rekap Kehadiran'!I5 | G9: =='Rekap Kehadiran'!J5 | H9: =='Rekap Kehadiran'!K5 | I9: =='Rekap Kehadiran'!L5 | J9: =='Rekap Kehadiran'!M5
A10: 2 | B10: 12346 | C10: Siti Rahma | D10: XI SIJA 1 | E10: =='Rekap Kehadiran'!H6 | F10: =='Rekap Kehadiran'!I6 | G10: =='Rekap Kehadiran'!J6 | H10: =='Rekap Kehadiran'!K6 | I10: =='Rekap Kehadiran'!L6 | J10: =='Rekap Kehadiran'!M6

Sheet Rekap Kehadiran
A1: REKAP KEHADIRAN EKSTRAKURIKULER — PASKIBRA
A2: Periode 01 Jan 2026 s.d. 08 Agu 2026 • Dibuat 08 Agu 2026 • EXISEL SMKN 69 Jakarta
A3: Sabtu, 08:00–10:00 • Lapangan Utama
A4: No | B4: NIS | C4: Nama siswa | D4: Kelas | E4: Tanggal bergabung | F4: 01 Agu 2026 | G4: 08 Agu 2026 | H4: Hadir | I4: Izin | J4: Tidak hadir | K4: Total agenda | L4: Tingkat kehadiran | M4: Keaktifan
A5: 1 | B5: 12345 | C5: Budi Santoso | D5: XI SIJA 1 | E5: 46032 | F5: Hadir | G5: Izin | H5: =COUNTIF(F5:G5,"Hadir") | I5: =COUNTIF(F5:G5,"Izin") | J5: =COUNTIF(F5:G5,"Tidak hadir") | K5: =COUNTIF(F5:G5,"Hadir")+COUNTIF(F5:G5,"Izin")+COUNTIF(F5:G5,"Tidak hadir")+COUNTIF(F5:G5,"Belum mengisi") | L5: =IF(K5=0,0,H5/K5) | M5: =IF(K5=0,"Belum ada agenda",IF(L5>=0.8,"Sangat aktif",IF(L5>=0.6,"Aktif",IF(L5>=0.4,"Perlu ditingkatkan","Perlu perhatian"))))
A6: 2 | B6: 12346 | C6: Siti Rahma | D6: XI SIJA 1 | E6: 46034 | F6: Hadir | G6: Tidak hadir | H6: =COUNTIF(F6:G6,"Hadir") | I6: =COUNTIF(F6:G6,"Izin") | J6: =COUNTIF(F6:G6,"Tidak hadir") | K6: =COUNTIF(F6:G6,"Hadir")+COUNTIF(F6:G6,"Izin")+COUNTIF(F6:G6,"Tidak hadir")+COUNTIF(F6:G6,"Belum mengisi") | L6: =IF(K6=0,0,H6/K6) | M6: =IF(K6=0,"Belum ada agenda",IF(L6>=0.8,"Sangat aktif",IF(L6>=0.6,"Aktif",IF(L6>=0.4,"Perlu ditingkatkan","Perlu perhatian"))))

Sheet Detail Izin
A1: DETAIL IZIN — PASKIBRA
A2: Daftar alasan izin yang dikirim siswa pada setiap agenda.
A4: No | B4: Tanggal | C4: NIS | D4: Nama siswa | E4: Kelas | F4: Alasan izin
A5: 1 | B5: 46242 | C5: 12345 | D5: Budi Santoso | E5: XI SIJA 1 | F5: Sakit flu
